{"stepCount":1000,"windowSize":1000,"totalMean":1.9574111280000015,"totalP95":2.899191,"totalP99":3.877909,"subsystems":{"actionTint":{"mean":0.06928267199999993,"p95":0.095786,"p99":0.10673},"shields":{"mean":0.0020681579999999975,"p95":0.002781,"p99":0.003172},"preDeaths":{"mean":0.023809767000000006,"p95":0.033637,"p99":0.046079},"actions":{"mean":0.5304452260000001,"p95":0.793912,"p99":0.979189},"things":{"mean":0.11955229600000014,"p95":0.173434,"p99":0.223887},"tumors":{"mean":0.019776130000000003,"p95":0.048451,"p99":0.065763},"tumorDamage":{"mean":0.11280679200000002,"p95":0.167595,"p99":0.191747},"auras":{"mean":0.0007471550000000001,"p95":0.00194,"p99":0.002778},"popRespawn":{"mean":0.038235269,"p95":0.056965,"p99":0.075156},"survival":{"mean":0.015640328000000016,"p95":0.021577,"p99":0.030281},"tintObs":{"mean":0.9410822629999996,"p95":1.457922,"p99":1.609085}}}